<?xml version="1.0" encoding="UTF-8" standalone="no"?>
<document type="com.apple.InterfaceBuilder3.CocoaTouch.XIB" version="3.0" toolsVersion="6185.11" systemVersion="13D65" targetRuntime="iOS.CocoaTouch" propertyAccessControl="none" useAutolayout="YES" useTraitCollections="YES">
    <dependencies>
        <plugIn identifier="com.apple.InterfaceBuilder.IBCocoaTouchPlugin" version="6190.4"/>
    </dependencies>
    <objects>
        <placeholder placeholderIdentifier="IBFilesOwner" id="-1" userLabel="File's Owner" customClass="FirstViewController" customModule="FirstApp" customModuleProvider="target">
            <connections>
                <outlet property="view" destination="i5M-Pr-FkT" id="CB7-jN-Fhx"/>
            </connections>
        </placeholder>
        <placeholder placeholderIdentifier="IBFirstResponder" id="-2" customClass="UIResponder"/>
        <view clearsContextBeforeDrawing="NO" contentMode="scaleToFill" id="i5M-Pr-FkT">
            <rect key="frame" x="0.0" y="0.0" width="600" height="600"/>
            <autoresizingMask key="autoresizingMask" widthSizable="YES" heightSizable="YES"/>
            <subviews>
                <segmentedControl opaque="NO" contentMode="scaleToFill" fixedFrame="YES" contentHorizontalAlignment="left" contentVerticalAlignment="top" segmentControlStyle="plain" selectedSegmentIndex="0" translatesAutoresizingMaskIntoConstraints="NO" id="LgX-ws-io7">
                    <rect key="frame" x="138" y="178" width="123" height="29"/>
                    <segments>
                        <segment title="First"/>
                        <segment title="Second"/>
                    </segments>
                </segmentedControl>
                <textField opaque="NO" clipsSubviews="YES" contentMode="scaleToFill" fixedFrame="YES" contentHorizontalAlignment="left" contentVerticalAlignment="center" borderStyle="roundedRect" minimumFontSize="17" translatesAutoresizingMaskIntoConstraints="NO" id="Aov-5b-tcd">
                    <rect key="frame" x="175" y="245" width="97" height="30"/>
                    <fontDescription key="fontDescription" type="system" pointSize="14"/>
                    <textInputTraits key="textInputTraits"/>
                </textField>
                <switch opaque="NO" contentMode="scaleToFill" horizontalHuggingPriority="750" verticalHuggingPriority="750" fixedFrame="YES" contentHorizontalAlignment="center" contentVerticalAlignment="center" on="YES" translatesAutoresizingMaskIntoConstraints="NO" id="w3M-jd-Itk">
                    <rect key="frame" x="368" y="244" width="51" height="31"/>
                </switch>
                <slider opaque="NO" contentMode="scaleToFill" fixedFrame="YES" contentHorizontalAlignment="center" contentVerticalAlignment="center" value="0.5" minValue="0.0" maxValue="1" translatesAutoresizingMaskIntoConstraints="NO" id="lHj-1O-P5y">
                    <rect key="frame" x="366" y="138" width="118" height="31"/>
                </slider>
                <button opaque="NO" contentMode="scaleToFill" fixedFrame="YES" contentHorizontalAlignment="center" contentVerticalAlignment="center" buttonType="roundedRect" lineBreakMode="middleTruncation" translatesAutoresizingMaskIntoConstraints="NO" id="c45-Dk-Ern">
                    <rect key="frame" x="309" y="326" width="46" height="30"/>
                    <state key="normal" title="Button">
                        <color key="titleShadowColor" white="0.5" alpha="1" colorSpace="calibratedWhite"/>
                    </state>
                </button>
                <stepper opaque="NO" contentMode="scaleToFill" horizontalHuggingPriority="750" verticalHuggingPriority="750" fixedFrame="YES" contentHorizontalAlignment="center" contentVerticalAlignment="center" maximumValue="100" translatesAutoresizingMaskIntoConstraints="NO" id="XUN-uY-NaC">
                    <rect key="frame" x="126" y="304" width="94" height="29"/>
                </stepper>
            </subviews>
            <color key="backgroundColor" white="1" alpha="1" colorSpace="calibratedWhite"/>
            <simulatedOrientationMetrics key="simulatedOrientationMetrics" orientation="landscapeRight"/>
            <point key="canvasLocation" x="257" y="86"/>
        </view>
    </objects>
</document>
